
{"name":"\u96f6\u68a6 - \u63d2\u4ef6\u4e2d\u5fc3","brief":"<div class='mb-2'>    <b>\u63d2\u4ef6\u7b80\u4ecb<\/b>    <ul class='nav nav-tabs pl-3' style='border-bottom:0;'>        <li class='nav-item mr-2'>\u2605 \u6d77\u91cf\u9ad8\u54c1\u8d28\u63d2\u4ef6<\/li>        <li class='nav-item mr-2'>\u2605 \u5f3a\u5927\u7684\u96f6\u68a6\u4e91\u7aef<\/li>    <\/ul><\/div><div class='mb-2'>    <b>\u5728\u7ebf\u529f\u80fd<\/b>    <ul class='nav nav-tabs pl-3' style='border-bottom:0;'>        <li class='nav-item mr-2'>\u2605 \u641c\u7d22\u63d2\u4ef6<\/li>        <li class='nav-item mr-2'>\u2605 \u4e0b\u8f7d\u63d2\u4ef6<\/li>        <li class='nav-item mr-2'>\u2605 \u66f4\u65b0\u63d2\u4ef6<\/li>        <li class='nav-item mr-2'>\u2605 \u7f13\u5b58\u529f\u80fd<\/li>        <li class='nav-item mr-2'>\u2605 \u4e3b\u9898\u529f\u80fd<\/li>    <\/ul><\/div><div class='mb-2'>    <b>\u672c\u5730\u529f\u80fd<\/b>    <ul class='nav nav-tabs pl-3' style='border-bottom:0;'>        <li class='nav-item mr-2'>\u2605 \u641c\u7d22\u63d2\u4ef6<\/li>        <li class='nav-item mr-2'>\u2605 \u65b0\u5efa\u63d2\u4ef6<\/li>        <li class='nav-item mr-2'>\u2605 \u4e0a\u4f20\u63d2\u4ef6<\/li>        <li class='nav-item mr-2'>\u2605 \u63d2\u4ef6\u63a5\u53e3<\/li>        <li class='nav-item mr-2'>\u2605 \u8bf7\u6c42\u8282\u70b9<\/li>    <\/ul><\/div><div><a href='https:\/\/www.zerodream.top\/xiuno.htm' style='color:red;' target='_blank'>\u96f6\u68a6\u7f51\u7ad9: www.zerodream.top<\/a><\/div>","version":"2.9","bbs_version":"4.0.4","installed":0,"enable":0,"hooks_rank":[],"overwrites_rank":{"admin\/route\/forum.php":1000,"admin\/route\/index.php":1000,"admin\/route\/setting.php":1000,"admin\/index.inc.php":1000,"model\/attach.func.php":1000,"model\/post.func.php":1000,"model\/thread.func.php":1000,"route\/attach.php":1000,"route\/browser.php":1000,"route\/forum.php":1000,"route\/index.php":1000,"route\/mod.php":1000,"route\/my.php":1000,"route\/post.php":1000,"route\/thread.php":1000,"route\/user.php":1000,"xiunophp\/xn_send_mail.func.php":1000,"index.inc.php":1000},"dependencies":[]}