{
    "name": "标签(TAG) - 增强版",
    "brief": "强大通用的 TAG 系统，可以用来替代多维主题分类，可以对 TAG 进行分类，一个主题可以对应最多 4 个 TAG，最新修复了 tag 显示顺序的问题。 / Powerful universal TAG system, can be used to replace the multi-dimensional theme classification, TAG can be classified, a thread can correspond to up to 4 TAG.",
    "version": "2.6",
    "bbs_version": "4.0.0",
    "installed": 1,
    "enable": 1,
    "hooks_rank": [],
    "dependencies": []
}