{
    "name": "xiuno Orgin <span class='badge badge-pill badge-primary'>正式版</span>",
    "brief": "修罗系列主题之一：修罗·起源<br/>关注更多信息请访问><a href='https://www.noteweb.top/' class='badge badge-primary'>NOTEWEB</a><br/>1.1.5更新：<br/>1.部分布局优化。<br/>2.问候语功能改为站点信息。<br/>3.其他细节性优化。<br/>",
    "version": "1.1.5",
    "bbs_version": "4.0.3",
    "installed": 0,
    "enable": 0,
    "hooks_rank": [],
    "overwrites_rank": [],
    "dependencies": []
}